{"parent": "20w14infinite:recipes/root", "rewards": {"recipes": ["20w14infinite:book_box"]}, "criteria": {"has_the_recipe": {"trigger": "minecraft:recipe_unlocked", "conditions": {"recipe": "20w14infinite:book_box"}}, "has_more_tags:command_blocks": {"trigger": "minecraft:inventory_changed", "conditions": {"items": [{"tag": "more_tags:command_blocks"}]}}, "has_bookshelf": {"trigger": "minecraft:inventory_changed", "conditions": {"items": [{"item": "minecraft:bookshelf"}]}}}, "requirements": [["has_the_recipe", "has_more_tags:command_blocks", "has_bookshelf"], ["has_more_tags:command_blocks"], ["has_bookshelf"]]}