{"parent": "20w14infinite:recipes/root", "rewards": {"recipes": ["20w14infinite:fine_item"]}, "criteria": {"has_the_recipe": {"trigger": "minecraft:recipe_unlocked", "conditions": {"recipe": "20w14infinite:fine_item"}}, "has_grass_block": {"trigger": "minecraft:inventory_changed", "conditions": {"items": [{"item": "minecraft:grass_block"}]}}, "has_signs": {"trigger": "minecraft:inventory_changed", "conditions": {"items": [{"tag": "minecraft:signs"}]}}}, "requirements": [["has_the_recipe", "has_grass_block", "has_signs"], ["has_grass_block"], ["has_signs"]]}