{"parent": "20w14infinite:recipes/root", "rewards": {"recipes": ["20w14infinite:netherite_stairs_from_stone_bricks_stonecutting"]}, "criteria": {"has_the_recipe": {"trigger": "minecraft:recipe_unlocked", "conditions": {"recipe": "20w14infinite:netherite_stairs_from_stone_bricks_stonecutting"}}, "has_netherite_block": {"trigger": "minecraft:inventory_changed", "conditions": {"items": [{"item": "minecraft:netherite_block"}]}}}, "requirements": [["has_the_recipe", "has_netherite_block"], ["has_netherite_block"]]}