{"parent": "more_dyes:recipes/root", "rewards": {"recipes": ["more_dyes:brown_dye_from_potatoes"]}, "criteria": {"has_the_recipe": {"trigger": "minecraft:recipe_unlocked", "conditions": {"recipe": "more_dyes:brown_dye_from_potatoes"}}, "has_more_tags:potatoes": {"trigger": "minecraft:inventory_changed", "conditions": {"items": [{"tag": "more_tags:potatoes"}]}}}, "requirements": [["has_the_recipe", "has_more_tags:potatoes", "has_more_tags:potatoes", "has_more_tags:potatoes"], ["has_more_tags:potatoes"], ["has_more_tags:potatoes"], ["has_more_tags:potatoes"]]}