{"parent": "more_dyes:recipes/root", "rewards": {"recipes": ["more_dyes:red_dye_from_sweet_berries"]}, "criteria": {"has_the_recipe": {"trigger": "minecraft:recipe_unlocked", "conditions": {"recipe": "more_dyes:red_dye_from_sweet_berries"}}, "has_sweet_berries": {"trigger": "minecraft:inventory_changed", "conditions": {"items": [{"item": "minecraft:sweet_berries"}]}}}, "requirements": [["has_the_recipe", "has_sweet_berries", "has_sweet_berries", "has_sweet_berries"], ["has_sweet_berries"], ["has_sweet_berries"], ["has_sweet_berries"]]}