<?xml version="1.0" encoding="utf-8"?>
<browserconfig>
    <msapplication>
        <tile>
            <square70x70logo src="https://R74n.com/icons/mstile-70x70.png?v=R74n"/>
            <square150x150logo src="https://R74n.com/icons/mstile-150x150.png?v=R74n"/>
            <square310x310logo src="https://R74n.com/icons/mstile-310x310.png?v=R74n"/>
            <wide310x150logo src="https://R74n.com/icons/mstile-310x150.png?v=R74n"/>
            <TileColor>#00ffff</TileColor>
        </tile>
    </msapplication>
</browserconfig>
