{"parent": "more_smithing:recipes/root", "rewards": {"recipes": ["more_smithing:heavy_weighted_pressure_plate"]}, "criteria": {"has_the_recipe": {"trigger": "minecraft:recipe_unlocked", "conditions": {"recipe": "more_smithing:heavy_weighted_pressure_plate"}}, "has_heavy_weighted_pressure_plate": {"trigger": "minecraft:inventory_changed", "conditions": {"items": [{"item": "minecraft:heavy_weighted_pressure_plate"}]}}}, "requirements": [["has_the_recipe", "has_heavy_weighted_pressure_plate"], ["has_heavy_weighted_pressure_plate"]]}