{"parent": "more_smithing:recipes/root", "rewards": {"recipes": ["more_smithing:stone_to_iron_pressure_plate"]}, "criteria": {"has_the_recipe": {"trigger": "minecraft:recipe_unlocked", "conditions": {"recipe": "more_smithing:stone_to_iron_pressure_plate"}}, "has_more_tags:stone_pressure_plates": {"trigger": "minecraft:inventory_changed", "conditions": {"items": [{"tag": "more_tags:stone_pressure_plates"}]}}}, "requirements": [["has_the_recipe", "has_more_tags:stone_pressure_plates"], ["has_more_tags:stone_pressure_plates"]]}