{"parent": "more_smithing:recipes/root", "rewards": {"recipes": ["more_smithing:wooden_to_gold_pressure_plate"]}, "criteria": {"has_the_recipe": {"trigger": "minecraft:recipe_unlocked", "conditions": {"recipe": "more_smithing:wooden_to_gold_pressure_plate"}}, "has_wooden_pressure_plates": {"trigger": "minecraft:inventory_changed", "conditions": {"items": [{"tag": "minecraft:wooden_pressure_plates"}]}}}, "requirements": [["has_the_recipe", "has_wooden_pressure_plates"], ["has_wooden_pressure_plates"]]}