
{
  "type": "minecraft:crafting_shapeless",
  "group": "concrete_powder",
  "ingredients": [
    {
      "tag": "more_tags:brown_dye"
    },
    {
      "tag": "more_tags:sand"
    },
    {
      "tag": "more_tags:sand"
    },
    {
      "tag": "more_tags:sand"
    },
    {
      "tag": "more_tags:sand"
    },
    {
      "item": "minecraft:gravel"
    },
    {
      "item": "minecraft:gravel"
    },
    {
      "item": "minecraft:gravel"
    },
    {
      "item": "minecraft:gravel"
    }
  ],
  "result": {
    "item": "minecraft:brown_concrete_powder",
    "count": 8
  }
}
