{
    "type": "minecraft:crafting_shaped",
    "pattern": [
        "/I/",
        "@T@",
        " /D"
    ],
    "key": {
        "/": {
            "tag": "more_tags:sticks"
        },
        "@": {
            "tag": "more_tags:string"
        },
        "I": {
            "tag": "more_tags:iron_ingot"
        },
        "T": {
            "item": "minecraft:tripwire_hook"
        },
        "D": {
            "item": "minecraft:dropper"
        }
    },
    "result": {
        "item": "minecraft:dispenser",
        "count": 1
    },
    "group": "universal_stone"
}