{"parent": "universal_crafting:recipes/root", "rewards": {"recipes": ["universal_crafting:arrow"]}, "criteria": {"has_the_recipe": {"trigger": "minecraft:recipe_unlocked", "conditions": {"recipe": "universal_crafting:arrow"}}, "has_more_tags:flint": {"trigger": "minecraft:inventory_changed", "conditions": {"items": [{"tag": "more_tags:flint"}]}}, "has_more_tags:sticks": {"trigger": "minecraft:inventory_changed", "conditions": {"items": [{"tag": "more_tags:sticks"}]}}, "has_more_tags:feather": {"trigger": "minecraft:inventory_changed", "conditions": {"items": [{"tag": "more_tags:feather"}]}}}, "requirements": [["has_the_recipe", "has_more_tags:flint", "has_more_tags:sticks", "has_more_tags:feather"], ["has_more_tags:flint"], ["has_more_tags:sticks"], ["has_more_tags:feather"]]}