{"parent": "universal_crafting:recipes/root", "rewards": {"recipes": ["universal_crafting:book"]}, "criteria": {"has_the_recipe": {"trigger": "minecraft:recipe_unlocked", "conditions": {"recipe": "universal_crafting:book"}}, "has_leather": {"trigger": "minecraft:inventory_changed", "conditions": {"items": [{"item": "minecraft:leather"}]}}, "has_more_tags:paper": {"trigger": "minecraft:inventory_changed", "conditions": {"items": [{"tag": "more_tags:paper"}]}}}, "requirements": [["has_the_recipe", "has_leather", "has_more_tags:paper", "has_more_tags:paper", "has_more_tags:paper"], ["has_leather"], ["has_more_tags:paper"], ["has_more_tags:paper"], ["has_more_tags:paper"]]}