{"parent": "universal_crafting:recipes/root", "rewards": {"recipes": ["universal_crafting:brown_dye_from_darkening2"]}, "criteria": {"has_the_recipe": {"trigger": "minecraft:recipe_unlocked", "conditions": {"recipe": "universal_crafting:brown_dye_from_darkening2"}}, "has_more_tags:black_dye": {"trigger": "minecraft:inventory_changed", "conditions": {"items": [{"tag": "more_tags:black_dye"}]}}, "has_more_tags:red_dye": {"trigger": "minecraft:inventory_changed", "conditions": {"items": [{"tag": "more_tags:red_dye"}]}}, "has_more_tags:yellow_dye": {"trigger": "minecraft:inventory_changed", "conditions": {"items": [{"tag": "more_tags:yellow_dye"}]}}}, "requirements": [["has_the_recipe", "has_more_tags:black_dye", "has_more_tags:red_dye", "has_more_tags:yellow_dye"], ["has_more_tags:black_dye"], ["has_more_tags:red_dye"], ["has_more_tags:yellow_dye"]]}