{"parent": "universal_crafting:recipes/root", "rewards": {"recipes": ["universal_crafting:dispenser_from_dropper"]}, "criteria": {"has_the_recipe": {"trigger": "minecraft:recipe_unlocked", "conditions": {"recipe": "universal_crafting:dispenser_from_dropper"}}, "has_more_tags:sticks": {"trigger": "minecraft:inventory_changed", "conditions": {"items": [{"tag": "more_tags:sticks"}]}}, "has_more_tags:string": {"trigger": "minecraft:inventory_changed", "conditions": {"items": [{"tag": "more_tags:string"}]}}, "has_dropper": {"trigger": "minecraft:inventory_changed", "conditions": {"items": [{"item": "minecraft:dropper"}]}}}, "requirements": [["has_the_recipe", "has_more_tags:sticks", "has_more_tags:string", "has_dropper"], ["has_more_tags:sticks"], ["has_more_tags:string"], ["has_dropper"]]}