{"parent": "universal_crafting:recipes/root", "rewards": {"recipes": ["universal_crafting:dye_warped_roots_1"]}, "criteria": {"has_the_recipe": {"trigger": "minecraft:recipe_unlocked", "conditions": {"recipe": "universal_crafting:dye_warped_roots_1"}}, "has_crimson_roots": {"trigger": "minecraft:inventory_changed", "conditions": {"items": [{"item": "minecraft:crimson_roots"}]}}, "has_more_tags:blueish_dye": {"trigger": "minecraft:inventory_changed", "conditions": {"items": [{"tag": "more_tags:blueish_dye"}]}}}, "requirements": [["has_the_recipe", "has_crimson_roots", "has_more_tags:blueish_dye"], ["has_crimson_roots"], ["has_more_tags:blueish_dye"]]}