{"parent": "universal_crafting:recipes/root", "rewards": {"recipes": ["universal_crafting:dye_warped_nylium_2"]}, "criteria": {"has_the_recipe": {"trigger": "minecraft:recipe_unlocked", "conditions": {"recipe": "universal_crafting:dye_warped_nylium_2"}}, "has_crimson_nylium": {"trigger": "minecraft:inventory_changed", "conditions": {"items": [{"item": "minecraft:crimson_nylium"}]}}, "has_more_tags:blueish_dye": {"trigger": "minecraft:inventory_changed", "conditions": {"items": [{"tag": "more_tags:blueish_dye"}]}}}, "requirements": [["has_the_recipe", "has_crimson_nylium", "has_more_tags:blueish_dye"], ["has_crimson_nylium"], ["has_more_tags:blueish_dye"]]}