{"parent": "universal_crafting:recipes/root", "rewards": {"recipes": ["universal_crafting:dye_weeping_vines_1"]}, "criteria": {"has_the_recipe": {"trigger": "minecraft:recipe_unlocked", "conditions": {"recipe": "universal_crafting:dye_weeping_vines_1"}}, "has_twisting_vines": {"trigger": "minecraft:inventory_changed", "conditions": {"items": [{"item": "minecraft:twisting_vines"}]}}, "has_more_tags:red_dye": {"trigger": "minecraft:inventory_changed", "conditions": {"items": [{"tag": "more_tags:red_dye"}]}}}, "requirements": [["has_the_recipe", "has_twisting_vines", "has_more_tags:red_dye"], ["has_twisting_vines"], ["has_more_tags:red_dye"]]}