{"parent": "universal_crafting:recipes/root", "rewards": {"recipes": ["universal_crafting:dye_crimson_fungus_2"]}, "criteria": {"has_the_recipe": {"trigger": "minecraft:recipe_unlocked", "conditions": {"recipe": "universal_crafting:dye_crimson_fungus_2"}}, "has_warped_fungus": {"trigger": "minecraft:inventory_changed", "conditions": {"items": [{"item": "minecraft:warped_fungus"}]}}, "has_more_tags:red_dye": {"trigger": "minecraft:inventory_changed", "conditions": {"items": [{"tag": "more_tags:red_dye"}]}}}, "requirements": [["has_the_recipe", "has_warped_fungus", "has_more_tags:red_dye"], ["has_warped_fungus"], ["has_more_tags:red_dye"]]}