{"parent": "universal_crafting:recipes/root", "rewards": {"recipes": ["universal_crafting:dye_warped_fungus_1"]}, "criteria": {"has_the_recipe": {"trigger": "minecraft:recipe_unlocked", "conditions": {"recipe": "universal_crafting:dye_warped_fungus_1"}}, "has_crimson_fungus": {"trigger": "minecraft:inventory_changed", "conditions": {"items": [{"item": "minecraft:crimson_fungus"}]}}, "has_more_tags:blueish_dye": {"trigger": "minecraft:inventory_changed", "conditions": {"items": [{"tag": "more_tags:blueish_dye"}]}}}, "requirements": [["has_the_recipe", "has_crimson_fungus", "has_more_tags:blueish_dye"], ["has_crimson_fungus"], ["has_more_tags:blueish_dye"]]}