{"parent": "universal_crafting:recipes/root", "rewards": {"recipes": ["universal_crafting:dye_twisting_vines_2"]}, "criteria": {"has_the_recipe": {"trigger": "minecraft:recipe_unlocked", "conditions": {"recipe": "universal_crafting:dye_twisting_vines_2"}}, "has_weeping_vines": {"trigger": "minecraft:inventory_changed", "conditions": {"items": [{"item": "minecraft:weeping_vines"}]}}, "has_more_tags:blueish_dye": {"trigger": "minecraft:inventory_changed", "conditions": {"items": [{"tag": "more_tags:blueish_dye"}]}}}, "requirements": [["has_the_recipe", "has_weeping_vines", "has_more_tags:blueish_dye"], ["has_weeping_vines"], ["has_more_tags:blueish_dye"]]}