{"parent": "universal_crafting:recipes/root", "rewards": {"recipes": ["universal_crafting:dye_warped_wart_block_1"]}, "criteria": {"has_the_recipe": {"trigger": "minecraft:recipe_unlocked", "conditions": {"recipe": "universal_crafting:dye_warped_wart_block_1"}}, "has_nether_wart_block": {"trigger": "minecraft:inventory_changed", "conditions": {"items": [{"item": "minecraft:nether_wart_block"}]}}, "has_more_tags:blueish_dye": {"trigger": "minecraft:inventory_changed", "conditions": {"items": [{"tag": "more_tags:blueish_dye"}]}}}, "requirements": [["has_the_recipe", "has_nether_wart_block", "has_more_tags:blueish_dye"], ["has_nether_wart_block"], ["has_more_tags:blueish_dye"]]}