{"parent": "universal_crafting:recipes/root", "rewards": {"recipes": ["universal_crafting:light_blue_dye"]}, "criteria": {"has_the_recipe": {"trigger": "minecraft:recipe_unlocked", "conditions": {"recipe": "universal_crafting:light_blue_dye"}}, "has_more_tags:blue_dye": {"trigger": "minecraft:inventory_changed", "conditions": {"items": [{"tag": "more_tags:blue_dye"}]}}, "has_more_tags:white_dye": {"trigger": "minecraft:inventory_changed", "conditions": {"items": [{"tag": "more_tags:white_dye"}]}}}, "requirements": [["has_the_recipe", "has_more_tags:blue_dye", "has_more_tags:white_dye"], ["has_more_tags:blue_dye"], ["has_more_tags:white_dye"]]}