{"parent": "universal_crafting:recipes/root", "rewards": {"recipes": ["universal_crafting:light_gray_dye2"]}, "criteria": {"has_the_recipe": {"trigger": "minecraft:recipe_unlocked", "conditions": {"recipe": "universal_crafting:light_gray_dye2"}}, "has_more_tags:black_dye": {"trigger": "minecraft:inventory_changed", "conditions": {"items": [{"tag": "more_tags:black_dye"}]}}, "has_more_tags:white_dye": {"trigger": "minecraft:inventory_changed", "conditions": {"items": [{"tag": "more_tags:white_dye"}]}}}, "requirements": [["has_the_recipe", "has_more_tags:black_dye", "has_more_tags:white_dye", "has_more_tags:white_dye"], ["has_more_tags:black_dye"], ["has_more_tags:white_dye"], ["has_more_tags:white_dye"]]}