{"parent": "universal_crafting:recipes/root", "rewards": {"recipes": ["universal_crafting:repeater_no_torches"]}, "criteria": {"has_the_recipe": {"trigger": "minecraft:recipe_unlocked", "conditions": {"recipe": "universal_crafting:repeater_no_torches"}}, "has_more_tags:stones": {"trigger": "minecraft:inventory_changed", "conditions": {"items": [{"tag": "more_tags:stones"}]}}, "has_more_tags:sticks": {"trigger": "minecraft:inventory_changed", "conditions": {"items": [{"tag": "more_tags:sticks"}]}}, "has_more_tags:redstone_dust": {"trigger": "minecraft:inventory_changed", "conditions": {"items": [{"tag": "more_tags:redstone_dust"}]}}}, "requirements": [["has_the_recipe", "has_more_tags:stones", "has_more_tags:sticks", "has_more_tags:redstone_dust"], ["has_more_tags:stones"], ["has_more_tags:sticks"], ["has_more_tags:redstone_dust"]]}