{
    "type": "minecraft:crafting_shaped",
    "pattern": [
        "###",
        "ENE",
        "CCC"
    ],
    "key": {
        "#": {
            "item": "minecraft:cooked_beef"
        },
        "E": {
            "item": "minecraft:ender_eye"
        },
        "N": {
            "item": "minecraft:nether_star"
        },
        "C": {
            "item": "minecraft:cooked_porkchop"
        }
    },
    "result": {
        "item": "minecraft:player_head",
        "count": 1
    },
    "group": "creative"
}